timestamp,model,task_id,task_category,trial,terse_prompt,correct,wall_sec,load_sec,ttft_sec,prompt_tokens,eval_tokens,prompt_tps,decode_tps,mem_peak_gb,mem_baseline_gb,prompt_chars,response_chars,expected,error
2026-04-21T10:33:39.434981+00:00,qwen2.5-coder:7b-instruct,fin_pe,finance,0,True,True,0.3999394580023363,0.109166834,0.20232925,60,3,296.5463471050281,36.657526193971364,11.243545532226562,11.243545532226562,105,2,"('num', 15.0, 0.02)",
2026-04-21T10:33:39.841989+00:00,qwen2.5-coder:7b-instruct,fin_pe,finance,1,True,True,0.2020665829986683,0.069683458,0.041628,60,3,1441.3375612568464,35.136537304555354,11.342041015625,11.342041015625,105,2,"('num', 15.0, 0.02)",
2026-04-21T10:33:40.247308+00:00,qwen2.5-coder:7b-instruct,fin_pe,finance,2,True,True,0.24167912499979138,0.099692375,0.044389625,60,3,1351.6671970083098,33.400335147869626,11.35205078125,11.35205078125,105,2,"('num', 15.0, 0.02)",
2026-04-21T10:33:46.314228+00:00,qwen2.5-coder:7b-instruct,fin_pv,finance,0,True,False,5.747978957999294,0.106069,0.20123525,73,128,362.75950659737794,23.773700915083047,11.478363037109375,11.3299560546875,159,345,"('num', 68058, 0.01)",
2026-04-21T10:33:51.964544+00:00,qwen2.5-coder:7b-instruct,fin_pv,finance,1,True,False,5.54389245800121,0.089282708,0.04237875,73,128,1722.561425242604,23.87415540701175,11.476470947265625,11.385421752929688,159,345,"('num', 68058, 0.01)",
2026-04-21T10:33:57.619355+00:00,qwen2.5-coder:7b-instruct,fin_pv,finance,2,True,False,5.5499914579995675,0.106453708,0.041728875,73,128,1749.3881634719364,23.92458765416184,11.693527221679688,11.435134887695312,159,345,"('num', 68058, 0.01)",
2026-04-21T10:34:03.294449+00:00,qwen2.5-coder:7b-instruct,fin_zerocoupon,finance,0,True,False,5.6133574999985285,0.093048708,0.199375167,72,128,361.12822415842794,24.291819711701976,11.444244384765625,11.330368041992188,159,425,"('num', 863.84, 0.01)",
2026-04-21T10:34:08.964867+00:00,qwen2.5-coder:7b-instruct,fin_zerocoupon,finance,1,True,False,5.48171474999981,0.089700625,0.041659875,72,128,1728.2817099187168,24.16447780170043,11.419967651367188,11.336563110351562,159,425,"('num', 863.84, 0.01)",
2026-04-21T10:34:14.616894+00:00,qwen2.5-coder:7b-instruct,fin_zerocoupon,finance,2,True,False,5.5080364999994345,0.1082175,0.039658417,72,128,1815.5036294060853,24.13979979510315,11.432373046875,11.343231201171875,159,425,"('num', 863.84, 0.01)",
2026-04-21T10:34:15.425046+00:00,qwen2.5-coder:7b-instruct,fin_cagr,finance,0,True,False,0.516882333002286,0.110824834,0.19820425,79,6,398.57873885146256,30.13687157484095,11.411788940429688,11.343063354492188,144,5,"('num', 13.95, 0.02)",
2026-04-21T10:34:15.831370+00:00,qwen2.5-coder:7b-instruct,fin_cagr,finance,1,True,False,0.35609833399939816,0.106221959,0.040732875,79,6,1939.4653581413047,29.840156279264335,11.411575317382812,11.411575317382812,144,5,"('num', 13.95, 0.02)",
2026-04-21T10:34:16.232856+00:00,qwen2.5-coder:7b-instruct,fin_cagr,finance,2,True,False,0.3401020419987617,0.091793208,0.040927959,79,6,1930.2208546485301,29.948631956724665,11.41339111328125,11.41339111328125,144,5,"('num', 13.95, 0.02)",
2026-04-21T10:34:17.043423+00:00,qwen2.5-coder:7b-instruct,fin_sharpe,finance,0,True,False,0.42527762499958044,0.097912042,0.197927708,70,4,353.66448036674075,32.731605856280005,11.417999267578125,11.415191650390625,150,3,"('num', 0.533, 0.02)",
2026-04-21T10:34:17.449918+00:00,qwen2.5-coder:7b-instruct,fin_sharpe,finance,1,True,False,0.2775959159989725,0.107694042,0.04147825,70,4,1687.6314695051021,32.92043346038454,11.417999267578125,11.417999267578125,150,3,"('num', 0.533, 0.02)",
2026-04-21T10:34:17.856404+00:00,qwen2.5-coder:7b-instruct,fin_sharpe,finance,2,True,False,0.2761878749988682,0.107832292,0.040265584,70,4,1738.457338654271,33.375539484306195,11.419586181640625,11.419586181640625,150,3,"('num', 0.533, 0.02)",
2026-04-21T10:34:29.171653+00:00,qwen2.5-coder:7b-instruct,reason_trains,reasoning,0,True,False,11.068230584001867,0.107282833,0.287065916,90,256,313.51684398505887,24.20259783403572,11.42864990234375,11.360305786132812,202,896,"('substr', ['17:24', '5:24'])",
2026-04-21T10:34:40.075992+00:00,qwen2.5-coder:7b-instruct,reason_trains,reasoning,1,True,False,10.693581875002565,0.108265834,0.040969791,90,256,2196.740520350714,24.48707402157977,11.488815307617188,11.3685302734375,202,896,"('substr', ['17:24', '5:24'])",
2026-04-21T10:34:50.989290+00:00,qwen2.5-coder:7b-instruct,reason_trains,reasoning,2,True,False,10.774009124997974,0.093468959,0.042131625,90,256,2136.162561970966,24.290776652736625,11.468765258789062,11.351654052734375,202,896,"('substr', ['17:24', '5:24'])",
2026-04-21T10:34:51.396351+00:00,qwen2.5-coder:7b-instruct,reason_ages,reasoning,0,True,True,0.38286204199903295,0.093613042,0.199876375,63,3,315.1948298041727,36.35649374484102,11.36785888671875,11.36785888671875,120,2,"('num', 26, 0.001)",
2026-04-21T10:34:51.802941+00:00,qwen2.5-coder:7b-instruct,reason_ages,reasoning,1,True,True,0.20722749999913503,0.070279541,0.044564167,63,3,1413.6918569576314,35.222464380578444,11.478622436523438,11.478622436523438,120,2,"('num', 26, 0.001)",
2026-04-21T10:34:52.205682+00:00,qwen2.5-coder:7b-instruct,reason_ages,reasoning,2,True,True,0.22973441700014519,0.096504875,0.042975583,63,3,1465.9486992881516,35.40158937559597,11.471755981445312,11.471755981445312,120,2,"('num', 26, 0.001)",
2026-04-21T10:34:57.872238+00:00,qwen2.5-coder:7b-instruct,reason_prob,reasoning,0,True,False,5.595910124997317,0.093013209,0.199513875,67,128,335.8162433565084,24.39796393798746,11.53369140625,11.397323608398438,150,474,"('num', 0.3, 0.05)",
2026-04-21T10:35:03.535435+00:00,qwen2.5-coder:7b-instruct,reason_prob,reasoning,1,True,False,5.635151124999538,0.098367042,0.040234083,67,128,1665.2548039929231,23.54264926408085,12.108200073242188,11.397613525390625,150,474,"('num', 0.3, 0.05)",
2026-04-21T10:35:09.588831+00:00,qwen2.5-coder:7b-instruct,reason_prob,reasoning,2,True,False,5.655953290999605,0.075335875,0.043917375,67,128,1525.592091968156,23.381562977099936,12.045089721679688,11.702774047851562,150,474,"('num', 0.3, 0.05)",
2026-04-21T10:35:09.992769+00:00,qwen2.5-coder:7b-instruct,reason_discount,reasoning,0,True,False,0.3857472500021686,0.089445625,0.204729625,75,3,366.3368210633903,35.35968907046744,11.711166381835938,11.711166381835938,158,2,"('num', 54.0, 0.01)",
2026-04-21T10:35:10.399233+00:00,qwen2.5-coder:7b-instruct,reason_discount,reasoning,1,True,False,0.2031227920015226,0.070176625,0.042107333,75,3,1781.162440280889,35.18325562251294,11.858123779296875,11.858123779296875,158,2,"('num', 54.0, 0.01)",
2026-04-21T10:35:10.801085+00:00,qwen2.5-coder:7b-instruct,reason_discount,reasoning,2,True,False,0.22288800000023912,0.091138542,0.042289292,75,3,1773.4985962876844,35.66764898938749,11.88055419921875,11.88055419921875,158,2,"('num', 54.0, 0.01)",
2026-04-21T10:35:12.014851+00:00,qwen2.5-coder:7b-instruct,reason_syllogism,reasoning,0,True,True,0.8668577909993473,0.123947167,0.300973417,96,9,318.9650466705503,21.122674069703923,11.843002319335938,11.645248413085938,204,40,"('mcq', 'D')",
2026-04-21T10:35:12.826234+00:00,qwen2.5-coder:7b-instruct,reason_syllogism,reasoning,1,True,True,0.5817412910000712,0.10143,0.052094041,96,9,1842.8211395618166,21.734910659627804,11.590240478515625,11.58636474609375,204,40,"('mcq', 'D')",
2026-04-21T10:35:13.635089+00:00,qwen2.5-coder:7b-instruct,reason_syllogism,reasoning,2,True,True,0.4921860419999575,0.092575125,0.04411375,96,9,2176.1922303136776,26.089918370269245,11.253738403320312,11.051803588867188,204,40,"('mcq', 'D')",
2026-04-21T10:35:16.461456+00:00,qwen2.5-coder:7b-instruct,code_fizzbuzz,code,0,False,False,2.6458394159999443,0.091170667,0.20443325,84,50,410.8920637909929,21.58324504393991,11.75225830078125,11.07177734375,208,120,"('code', None, 0)",
2026-04-21T10:35:19.683719+00:00,qwen2.5-coder:7b-instruct,code_fizzbuzz,code,1,False,False,3.1780241659980675,0.105830125,0.061936,84,50,1356.23869801085,16.825552716546394,11.858444213867188,11.632476806640625,208,120,"('code', None, 0)",
2026-04-21T10:35:22.509989+00:00,qwen2.5-coder:7b-instruct,code_fizzbuzz,code,2,False,False,2.635929166997812,0.080024959,0.051520042,84,50,1630.433453450989,20.23844805110517,11.7374267578125,11.59136962890625,208,120,"('code', None, 0)",
2026-04-21T10:35:24.128548+00:00,qwen2.5-coder:7b-instruct,code_reverse_words,code,0,False,True,1.386197333002201,0.096592833,0.257058541,73,21,283.9820054841127,20.671476818261723,11.712738037109375,11.662445068359375,193,72,"('code', None, 0)",
2026-04-21T10:35:25.339884+00:00,qwen2.5-coder:7b-instruct,code_reverse_words,code,1,False,True,1.1694022500014398,0.090798625,0.047832208,73,21,1526.1683090188938,20.65850125697733,11.576156616210938,11.5,193,72,"('code', None, 0)",
2026-04-21T10:35:26.961319+00:00,qwen2.5-coder:7b-instruct,code_reverse_words,code,2,False,True,1.4133642080014397,0.078692792,0.050674375,73,21,1440.570307971238,16.743548029441985,11.68048095703125,11.53076171875,193,72,"('code', None, 0)",
2026-04-21T10:35:30.591967+00:00,qwen2.5-coder:7b-instruct,code_dedup,code,0,False,True,3.304364166997402,0.13469425,0.164092583,57,46,347.3648775459888,15.54925658701723,11.5595703125,10.949508666992188,146,189,"('code', None, 0)",
2026-04-21T10:35:33.418984+00:00,qwen2.5-coder:7b-instruct,code_dedup,code,1,False,True,2.547210917000484,0.093377625,0.048811084,57,46,1167.7675505014395,19.368236870892748,11.678329467773438,11.0372314453125,146,189,"('code', None, 0)",
2026-04-21T10:35:35.836875+00:00,qwen2.5-coder:7b-instruct,code_dedup,code,2,False,True,2.3384987089993956,0.094134208,0.047279334,57,46,1205.6007387921327,21.175339531574025,11.386871337890625,11.295501708984375,146,189,"('code', None, 0)",
2026-04-21T10:36:00.062134+00:00,deepseek-r1:7b,fin_pe,finance,0,True,False,7.179329999999027,0.098219,0.136041458,34,128,249.92381366568418,18.67553460771029,14.138702392578125,13.7530517578125,105,175,"('num', 15.0, 0.02)",
2026-04-21T10:36:06.938677+00:00,deepseek-r1:7b,fin_pe,finance,1,True,False,6.606020207997062,0.118593125,0.055072834,34,128,617.3642707400894,20.148888594058178,14.279708862304688,14.026077270507812,105,175,"('num', 15.0, 0.02)",
2026-04-21T10:36:14.221037+00:00,deepseek-r1:7b,fin_pe,finance,2,True,False,7.216699749998952,0.115693458,0.047323833,34,128,718.4540609802253,18.38386176325925,14.224838256835938,14.014190673828125,105,175,"('num', 15.0, 0.02)",
2026-04-21T10:36:21.097389+00:00,deepseek-r1:7b,fin_pv,finance,0,True,False,6.717836916999659,0.133071625,0.252049333,47,128,186.47143176530446,20.45455005609285,14.233184814453125,13.82098388671875,159,0,"('num', 68058, 0.01)",
2026-04-21T10:36:28.351158+00:00,deepseek-r1:7b,fin_pv,finance,1,True,False,7.116601000001538,0.116119542,0.064273666,47,128,731.2481600162655,18.672030247811417,14.227493286132812,14.0123291015625,159,0,"('num', 68058, 0.01)",
2026-04-21T10:36:35.222695+00:00,deepseek-r1:7b,fin_pv,finance,2,True,False,6.472694374999264,0.136224875,0.044334584,47,128,1060.1204693834502,20.589635029738027,14.23028564453125,14.101470947265625,159,0,"('num', 68058, 0.01)",
2026-04-21T10:36:42.481211+00:00,deepseek-r1:7b,fin_zerocoupon,finance,0,True,False,7.181411458001094,0.106062792,0.246214,46,128,186.82934357916284,18.93098117091247,14.1732177734375,13.910324096679688,159,0,"('num', 863.84, 0.01)",
2026-04-21T10:36:48.951852+00:00,deepseek-r1:7b,fin_zerocoupon,finance,1,True,False,6.457525916997838,0.104972958,0.046806583,46,128,982.7677444431267,20.523566751042353,14.176544189453125,14.075927734375,159,0,"('num', 863.84, 0.01)",
2026-04-21T10:36:55.810528+00:00,deepseek-r1:7b,fin_zerocoupon,finance,2,True,False,6.51655695899899,0.082525416,0.047357875,46,128,971.3273663567041,20.26248973626338,14.224044799804688,14.115005493164062,159,0,"('num', 863.84, 0.01)",
2026-04-21T10:37:02.667973+00:00,deepseek-r1:7b,fin_cagr,finance,0,True,False,6.562251499999547,0.104789084,0.250131625,53,128,211.8884407359525,20.824059685420092,14.273605346679688,14.172622680664062,144,0,"('num', 13.95, 0.02)",
2026-04-21T10:37:09.114096+00:00,deepseek-r1:7b,fin_cagr,finance,1,True,False,6.359897083002579,0.098652417,0.046592333,53,128,1137.5262105891973,20.798990496557437,14.26995849609375,14.17535400390625,144,0,"('num', 13.95, 0.02)",
2026-04-21T10:37:15.576284+00:00,deepseek-r1:7b,fin_cagr,finance,2,True,False,6.432159459000104,0.093617834,0.04474375,53,128,1184.522978069563,20.536226953940474,14.247634887695312,14.160232543945312,144,0,"('num', 13.95, 0.02)",
2026-04-21T10:37:22.447836+00:00,deepseek-r1:7b,fin_sharpe,finance,0,True,False,6.5466321669991885,0.07285875,0.243554292,44,128,180.65787155169494,20.74167474507635,14.312820434570312,14.208602905273438,150,0,"('num', 0.533, 0.02)",
2026-04-21T10:37:28.917623+00:00,deepseek-r1:7b,fin_sharpe,finance,1,True,False,6.3920742080008495,0.096574958,0.0473385,44,128,929.476007900546,20.67937386014726,14.299041748046875,14.219802856445312,150,0,"('num', 0.533, 0.02)",
2026-04-21T10:37:34.963392+00:00,deepseek-r1:7b,fin_sharpe,finance,2,True,False,5.686282915998163,0.089468625,0.046077666,44,128,954.9094782708828,23.271769279766794,14.279006958007812,13.865707397460938,150,0,"('num', 0.533, 0.02)",
2026-04-21T10:37:46.260909+00:00,deepseek-r1:7b,reason_trains,reasoning,0,True,False,10.996750458998577,0.088863292,0.216841792,64,256,295.1460574537218,24.15680293643604,13.979568481445312,13.749862670898438,202,0,"('substr', ['17:24', '5:24'])",
2026-04-21T10:37:57.158284+00:00,deepseek-r1:7b,reason_trains,reasoning,1,True,False,10.802355416002683,0.090557042,0.046477833,64,256,1377.0005154930523,24.207946919926226,13.95245361328125,13.80291748046875,202,0,"('substr', ['17:24', '5:24'])",
2026-04-21T10:38:08.058992+00:00,deepseek-r1:7b,reason_trains,reasoning,2,True,False,10.70323562500198,0.08907775,0.043817958,64,256,1460.5883733787869,24.425625582336195,13.975067138671875,13.566925048828125,202,0,"('substr', ['17:24', '5:24'])",
2026-04-21T10:38:10.888072+00:00,deepseek-r1:7b,reason_ages,reasoning,0,True,False,2.56981016699865,0.104852458,0.194559958,37,64,190.1727384213354,28.57879760163176,14.059616088867188,13.897445678710938,120,0,"('num', 26, 0.001)",
2026-04-21T10:38:13.716698+00:00,deepseek-r1:7b,reason_ages,reasoning,1,True,False,2.730464000000211,0.1077715,0.034127875,37,64,1084.1577449518904,25.033570800742883,14.008956909179688,13.829971313476562,120,0,"('num', 26, 0.001)",
2026-04-21T10:38:16.946052+00:00,deepseek-r1:7b,reason_ages,reasoning,2,True,False,2.8654946250026114,0.088959042,0.043375542,37,64,853.0152775958395,23.68176919298383,13.912307739257812,13.844009399414062,120,0,"('num', 26, 0.001)",
2026-04-21T10:38:23.012198+00:00,deepseek-r1:7b,reason_prob,reasoning,0,True,False,5.79733291699813,0.089412334,0.226040917,41,128,181.38309003586284,23.611793154768357,13.92919921875,13.828903198242188,150,0,"('num', 0.3, 0.05)",
2026-04-21T10:38:28.682062+00:00,deepseek-r1:7b,reason_prob,reasoning,1,True,False,5.5926087080006255,0.087683666,0.041417125,41,128,989.928682881779,23.68480245062684,13.912612915039062,13.828903198242188,150,0,"('num', 0.3, 0.05)",
2026-04-21T10:38:34.342708+00:00,deepseek-r1:7b,reason_prob,reasoning,2,True,False,5.575611166997987,0.072794334,0.041506417,41,128,987.7990673104837,23.692624852434257,13.949951171875,13.849945068359375,150,0,"('num', 0.3, 0.05)",
2026-04-21T10:38:37.586239+00:00,deepseek-r1:7b,reason_discount,reasoning,0,True,False,2.9808400830006576,0.077438541,0.222230625,49,64,220.49166265900573,24.115210460175106,13.931015014648438,13.84112548828125,158,0,"('num', 54.0, 0.01)",
2026-04-21T10:38:40.828152+00:00,deepseek-r1:7b,reason_discount,reasoning,1,True,False,2.835326583001006,0.087670583,0.042261042,49,64,1159.4602896918632,23.896539582391146,13.924789428710938,10.425140380859375,158,0,"('num', 54.0, 0.01)",
2026-04-21T10:38:43.666077+00:00,deepseek-r1:7b,reason_discount,reasoning,2,True,False,2.828639999999723,0.090238833,0.041201417,49,64,1189.279485217705,23.972890819779387,10.478164672851562,10.426528930664062,158,0,"('num', 54.0, 0.01)",
2026-04-21T10:38:45.688776+00:00,deepseek-r1:7b,reason_syllogism,reasoning,0,True,False,1.7404189170010795,0.067998375,0.325401375,70,32,215.11894348940598,24.129161119265707,10.49090576171875,10.430938720703125,204,0,"('mcq', 'D')",
2026-04-21T10:38:47.304833+00:00,deepseek-r1:7b,reason_syllogism,reasoning,1,True,False,1.5101508330008073,0.089140709,0.041698334,70,32,1678.724142791892,23.507665721969,10.50494384765625,10.454330444335938,204,0,"('mcq', 'D')",
2026-04-21T10:38:48.923524+00:00,deepseek-r1:7b,reason_syllogism,reasoning,2,True,False,1.476301999999123,0.092014792,0.039354959,70,32,1778.68308794325,24.14687943085805,10.511383056640625,10.480987548828125,204,0,"('mcq', 'D')",
2026-04-21T10:39:11.525445+00:00,deepseek-r1:7b,code_fizzbuzz,code,0,False,False,22.224721790997137,0.092219042,0.218512167,58,512,265.4314439158896,23.559100859159614,10.515869140625,10.406219482421875,208,0,"('code', None, 0)",
2026-04-21T10:39:34.105117+00:00,deepseek-r1:7b,code_fizzbuzz,code,1,False,False,22.17841795899949,0.08624825,0.042724667,58,512,1357.5295975975657,23.40932462211226,10.558883666992188,10.435836791992188,208,0,"('code', None, 0)",
2026-04-21T10:39:56.727510+00:00,deepseek-r1:7b,code_fizzbuzz,code,2,False,False,22.356635832999018,0.089633917,0.046839833,58,512,1238.2623140436901,23.228315041614962,10.630722045898438,10.506362915039062,208,0,"('code', None, 0)",
2026-04-21T10:40:19.328018+00:00,deepseek-r1:7b,code_reverse_words,code,0,False,False,22.53547966699989,0.089763042,0.222953791,47,512,210.80601405876072,23.236622936793076,10.751129150390625,10.516891479492188,193,0,"('code', None, 0)",
2026-04-21T10:40:41.943851+00:00,deepseek-r1:7b,code_reverse_words,code,1,False,False,22.339448833998176,0.067280791,0.045547709,47,512,1031.8850504643385,23.230176653184177,10.918487548828125,10.311004638671875,193,0,"('code', None, 0)",
2026-04-21T10:41:04.539764+00:00,deepseek-r1:7b,code_reverse_words,code,2,False,False,22.432597374998295,0.089618583,0.043245208,47,512,1086.8256200779517,23.153648366490472,10.447998046875,10.314682006835938,193,0,"('code', None, 0)",
2026-04-21T10:41:27.129404+00:00,deepseek-r1:7b,code_dedup,code,0,False,False,22.493220416999975,0.090614791,0.11881225,31,512,260.9158567403614,23.166097888777827,10.439804077148438,10.317184448242188,146,0,"('code', None, 0)",
2026-04-21T10:41:50.106932+00:00,deepseek-r1:7b,code_dedup,code,1,False,False,22.619987833000778,0.091910084,0.044702209,31,512,693.4780337141729,22.960638614265534,10.705673217773438,10.366958618164062,146,0,"('code', None, 0)",
2026-04-21T10:42:12.678375+00:00,deepseek-r1:7b,code_dedup,code,2,False,False,22.537965542000165,0.082077833,0.049748,31,512,623.1406287689957,23.037423118858015,10.814437866210938,10.694671630859375,146,0,"('code', None, 0)",
2026-04-21T10:42:19.955412+00:00,mathstral:7b,fin_pe,finance,0,True,False,0.49574399999983143,0.01361975,0.223284833,39,7,174.66479686956615,28.012983793884594,13.929092407226562,13.89013671875,105,6,"('num', 15.0, 0.02)",
2026-04-21T10:42:20.362819+00:00,mathstral:7b,fin_pe,finance,1,True,False,0.33017391600151313,0.032127667,0.042294333,39,7,922.1093520968873,28.12597150119062,13.92242431640625,13.92242431640625,105,6,"('num', 15.0, 0.02)",
2026-04-21T10:42:20.766808+00:00,mathstral:7b,fin_pe,finance,2,True,False,0.31140774999948917,0.012989459,0.041335416,39,7,943.5008468282986,27.85909782100544,13.90753173828125,13.90753173828125,105,6,"('num', 15.0, 0.02)",
2026-04-21T10:42:26.421193+00:00,mathstral:7b,fin_pv,finance,0,True,False,5.503466624999419,0.031566125,0.229103208,49,128,213.87740672753915,24.512557383382166,13.9068603515625,13.809646606445312,159,468,"('num', 68058, 0.01)",
2026-04-21T10:42:32.081051+00:00,mathstral:7b,fin_pv,finance,1,True,False,5.314046707997477,0.035097,0.042668417,49,128,1148.390389078648,24.700012448786975,13.9180908203125,13.785675048828125,159,468,"('num', 68058, 0.01)",
2026-04-21T10:42:37.733490+00:00,mathstral:7b,fin_pv,finance,2,True,False,5.250161666001077,0.034580333,0.040536084,49,128,1208.7995475833334,24.826991365024995,13.880859375,13.775619506835938,159,468,"('num', 68058, 0.01)",
2026-04-21T10:42:43.397231+00:00,mathstral:7b,fin_zerocoupon,finance,0,True,False,5.428249874999892,0.032686167,0.223284917,50,128,223.9291425134641,24.845995908609076,13.85076904296875,13.770309448242188,159,461,"('num', 863.84, 0.01)",
2026-04-21T10:42:49.036000+00:00,mathstral:7b,fin_zerocoupon,finance,1,True,False,5.353157041998202,0.032637917,0.03982925,50,128,1255.3588129327065,24.342177050184787,13.871612548828125,13.786453247070312,159,461,"('num', 863.84, 0.01)",
2026-04-21T10:42:54.689682+00:00,mathstral:7b,fin_zerocoupon,finance,2,True,False,5.295262291001563,0.035826083,0.041514875,50,128,1204.387583968397,24.650163702006758,13.8941650390625,13.765365600585938,159,461,"('num', 863.84, 0.01)",
2026-04-21T10:42:55.096331+00:00,mathstral:7b,fin_cagr,finance,0,True,False,0.34861020800235565,0.034932125,0.226700667,57,3,251.43287293459971,37.20088166089536,13.758651733398438,13.758651733398438,144,2,"('num', 13.95, 0.02)",
2026-04-21T10:42:55.499154+00:00,mathstral:7b,fin_cagr,finance,1,True,False,0.15775879200009513,0.023518958,0.0450245,57,3,1265.977412297749,35.68042796151923,13.858795166015625,13.858795166015625,144,2,"('num', 13.95, 0.02)",
2026-04-21T10:42:55.901970+00:00,mathstral:7b,fin_cagr,finance,2,True,False,0.17413849999866216,0.035402917,0.044530959,57,3,1280.0083645178177,34.401894792148276,13.858795166015625,13.858795166015625,144,2,"('num', 13.95, 0.02)",
2026-04-21T10:42:56.308399+00:00,mathstral:7b,fin_sharpe,finance,0,True,False,0.3871179160014435,0.033557375,0.229987292,48,4,208.7071836995237,33.935571806791856,13.857192993164062,13.857192993164062,150,3,"('num', 0.533, 0.02)",
2026-04-21T10:42:56.713771+00:00,mathstral:7b,fin_sharpe,finance,1,True,False,0.18212595900331507,0.012346417,0.0404975,48,4,1185.2583492808199,32.36197961562593,13.856948852539062,13.856948852539062,150,3,"('num', 0.533, 0.02)",
2026-04-21T10:42:57.119965+00:00,mathstral:7b,fin_sharpe,finance,2,True,False,0.20418879100179765,0.034096042,0.040587125,48,4,1182.64104688371,32.44821787654417,13.856948852539062,13.856948852539062,150,3,"('num', 0.533, 0.02)",
2026-04-21T10:43:08.025800+00:00,mathstral:7b,reason_trains,reasoning,0,True,False,10.78101450000031,0.035135959,0.3181845,70,256,219.99814572991457,24.62896893633676,13.864913940429688,13.747894287109375,202,776,"('substr', ['17:24', '5:24'])",
2026-04-21T10:43:18.924700+00:00,mathstral:7b,reason_trains,reasoning,1,True,False,10.503421125002205,0.03357425,0.044416584,70,256,1575.987923789907,24.62956970107965,13.864120483398438,13.74029541015625,202,776,"('substr', ['17:24', '5:24'])",
2026-04-21T10:43:29.805671+00:00,mathstral:7b,reason_trains,reasoning,2,True,False,10.578068124999845,0.033215209,0.043549917,70,256,1607.3509393829613,24.506716574574547,13.908309936523438,13.75970458984375,202,776,"('substr', ['17:24', '5:24'])",
2026-04-21T10:43:33.041540+00:00,mathstral:7b,reason_ages,reasoning,0,True,False,2.8303070420006406,0.035002166,0.219811042,39,64,177.42511770632524,24.965588593192926,13.866287231445312,13.75079345703125,120,175,"('num', 26, 0.001)",
2026-04-21T10:43:35.862093+00:00,mathstral:7b,reason_ages,reasoning,1,True,False,2.6683480419997068,0.034036417,0.04099725,39,64,951.2833177835099,24.80613786207085,13.925048828125,13.757476806640625,120,175,"('num', 26, 0.001)",
2026-04-21T10:43:38.687148+00:00,mathstral:7b,reason_ages,reasoning,2,True,False,2.662647208002454,0.034063417,0.039961292,39,64,975.9444214166048,24.852242043385015,13.77581787109375,13.72357177734375,120,175,"('num', 26, 0.001)",
2026-04-21T10:43:44.325437+00:00,mathstral:7b,reason_prob,reasoning,0,True,False,5.474918541000079,0.032911834,0.226887791,43,128,189.52099542456207,24.63934102969432,13.746429443359375,13.62384033203125,150,396,"('num', 0.3, 0.05)",
2026-04-21T10:43:49.982926+00:00,mathstral:7b,reason_prob,reasoning,1,True,False,5.366893500002334,0.033400625,0.040332208,43,128,1066.1454488184727,24.273127905754514,13.755401611328125,13.622146606445312,150,396,"('num', 0.3, 0.05)",
2026-04-21T10:43:55.653630+00:00,mathstral:7b,reason_prob,reasoning,2,True,False,5.288493500000186,0.034086208,0.047636458,43,128,902.6699676117818,24.677811534209145,13.80108642578125,13.69195556640625,150,396,"('num', 0.3, 0.05)",
2026-04-21T10:43:58.476400+00:00,mathstral:7b,reason_discount,reasoning,0,True,False,2.8035445419991447,0.0324615,0.21152825,53,64,250.55754964171453,25.119371393633926,13.76678466796875,13.692764282226562,158,180,"('num', 54.0, 0.01)",
2026-04-21T10:44:01.294139+00:00,mathstral:7b,reason_discount,reasoning,1,True,False,2.6360820420013624,0.012602834,0.041815917,53,64,1267.4599483254187,24.896463718197086,13.770767211914062,13.72314453125,158,180,"('num', 54.0, 0.01)",
2026-04-21T10:44:04.117934+00:00,mathstral:7b,reason_discount,reasoning,2,True,False,2.6431622079981025,0.033539,0.039228625,53,64,1351.0542365428305,25.10337860587112,13.793930053710938,13.735321044921875,158,180,"('num', 54.0, 0.01)",
2026-04-21T10:44:06.145038+00:00,mathstral:7b,reason_syllogism,reasoning,0,True,False,1.6574581250024494,0.032858208,0.329438417,75,32,227.66015173027014,24.89688620028245,13.789169311523438,13.7294921875,204,93,"('mcq', 'D')",
2026-04-21T10:44:07.766774+00:00,mathstral:7b,reason_syllogism,reasoning,1,True,False,1.3615337920018646,0.032417167,0.038409084,75,32,1952.6630731417597,24.983997846972755,13.7762451171875,13.74200439453125,204,93,"('mcq', 'D')",
2026-04-21T10:44:09.383420+00:00,mathstral:7b,reason_syllogism,reasoning,2,True,False,1.3819631660007872,0.033349375,0.040265,75,32,1862.6598783062211,25.275862381264048,13.776641845703125,13.739227294921875,204,93,"('mcq', 'D')",
2026-04-21T10:44:25.928654+00:00,mathstral:7b,code_fizzbuzz,code,0,False,True,16.534897541001556,0.032413209,0.323491917,70,395,216.38871428122886,24.48565081129868,13.78131103515625,13.66217041015625,208,1236,"('code', None, 0)",
2026-04-21T10:44:42.471058+00:00,mathstral:7b,code_fizzbuzz,code,1,False,True,16.14813354099897,0.012970208,0.043024042,70,395,1626.9972960699508,24.609818457417088,13.813705444335938,13.673080444335938,208,1236,"('code', None, 0)",
2026-04-21T10:44:58.997780+00:00,mathstral:7b,code_fizzbuzz,code,2,False,True,16.241614083002787,0.03542225,0.040214334,70,395,1740.6728655508755,24.50405326607177,13.802780151367188,13.662521362304688,208,1236,"('code', None, 0)",
2026-04-21T10:45:05.060862+00:00,mathstral:7b,code_reverse_words,code,0,False,True,5.690734540999983,0.032785083,0.223507833,54,159,241.60227082511244,29.376103534460665,13.881942749023438,13.659866333007812,193,546,"('code', None, 0)",
2026-04-21T10:45:11.518728+00:00,mathstral:7b,code_reverse_words,code,1,False,True,6.163690542001859,0.035249833,0.039810125,54,159,1356.438845645423,26.22170127035079,13.956146240234375,13.709884643554688,193,546,"('code', None, 0)",
2026-04-21T10:45:18.371981+00:00,mathstral:7b,code_reverse_words,code,2,False,True,6.505416334002803,0.034172791,0.042172083,54,159,1280.4679342018749,24.823216739334814,13.813873291015625,10.021453857421875,193,546,"('code', None, 0)",
2026-04-21T10:45:34.117961+00:00,mathstral:7b,code_dedup,code,0,False,True,15.739485625002999,0.032406375,0.113338125,36,391,317.63362946051916,25.146991322490017,10.914321899414062,10.023788452148438,146,1329,"('code', None, 0)",
2026-04-21T10:45:49.850807+00:00,mathstral:7b,code_dedup,code,1,False,True,15.711027707999165,0.012739458,0.041716958,36,391,862.9584160954402,25.044669558931478,10.9736328125,10.848648071289062,146,1329,"('code', None, 0)",
2026-04-21T10:46:05.588438+00:00,mathstral:7b,code_dedup,code,2,False,True,15.61122420799802,0.012155333,0.042530125,36,391,846.4588335914837,25.204819530167835,10.972442626953125,10.855697631835938,146,1329,"('code', None, 0)",
2026-04-21T10:46:14.062258+00:00,qwen3:8b,fin_pe,finance,0,True,False,5.531852832998993,0.102692166,0.197591709,41,128,207.49858487230352,24.702974855940017,13.819091796875,13.5076904296875,105,0,"('num', 15.0, 0.02)",
2026-04-21T10:46:20.121458+00:00,qwen3:8b,fin_pe,finance,1,True,False,6.00640991599721,0.107973458,0.039440917,41,128,1039.5295829455488,22.010191494177146,13.897796630859375,13.729248046875,105,0,"('num', 15.0, 0.02)",
2026-04-21T10:46:25.782199+00:00,qwen3:8b,fin_pe,finance,2,True,False,5.44506737499978,0.067947458,0.038662458,41,128,1060.4602531996286,24.154011634750773,13.857131958007812,13.465484619140625,105,0,"('num', 15.0, 0.02)",
2026-04-21T10:46:31.850013+00:00,qwen3:8b,fin_pv,finance,0,True,False,6.04366695799763,0.087625083,0.231559208,54,128,233.2016958703711,22.519618667781174,13.781402587890625,13.460113525390625,159,0,"('num', 68058, 0.01)",
2026-04-21T10:46:37.493494+00:00,qwen3:8b,fin_pv,finance,1,True,False,5.5418756250001024,0.070431542,0.042911209,54,128,1258.4124581528338,23.752248606587187,13.899429321289062,13.720352172851562,159,0,"('num', 68058, 0.01)",
2026-04-21T10:46:43.554760+00:00,qwen3:8b,fin_pv,finance,2,True,False,5.80296399999861,0.06873625,0.045382375,54,128,1189.8892466513707,22.665789948953297,13.836441040039062,13.727935791015625,159,0,"('num', 68058, 0.01)",
2026-04-21T10:46:50.031319+00:00,qwen3:8b,fin_zerocoupon,finance,0,True,False,6.2172715830020024,0.097026792,0.219910542,53,128,241.00709096519805,21.864191022943878,13.87200927734375,13.773223876953125,159,0,"('num', 863.84, 0.01)",
2026-04-21T10:46:56.505713+00:00,qwen3:8b,fin_zerocoupon,finance,1,True,False,6.313189249998686,0.089717167,0.049500542,53,128,1070.6953471337747,20.862872389787032,13.900405883789062,13.801727294921875,159,0,"('num', 863.84, 0.01)",
2026-04-21T10:47:02.952548+00:00,qwen3:8b,fin_zerocoupon,finance,2,True,False,6.3004154579975875,0.087093792,0.048110458,53,128,1101.631582887862,20.89607796009589,13.911651611328125,13.818313598632812,159,0,"('num', 863.84, 0.01)",
2026-04-21T10:47:09.821262+00:00,qwen3:8b,fin_cagr,finance,0,True,False,6.495780457997171,0.088372166,0.23371,60,128,256.72842411535663,20.865914674588215,13.915512084960938,13.82586669921875,144,0,"('num', 13.95, 0.02)",
2026-04-21T10:47:16.286810+00:00,qwen3:8b,fin_cagr,finance,1,True,False,6.3406727080000564,0.098413125,0.049314334,60,128,1216.6847878347094,20.799761948804473,13.912704467773438,13.805404663085938,144,0,"('num', 13.95, 0.02)",
2026-04-21T10:47:22.750824+00:00,qwen3:8b,fin_cagr,finance,2,True,False,6.3470824169999105,0.06927425,0.04670625,60,128,1284.6246487354476,20.67333049035846,13.935653686523438,13.816574096679688,144,0,"('num', 13.95, 0.02)",
2026-04-21T10:47:29.623833+00:00,qwen3:8b,fin_sharpe,finance,0,True,False,6.475984124997922,0.075091917,0.237065541,51,128,215.1303803364657,20.90855186227019,13.910125732421875,13.762771606445312,150,0,"('num', 0.533, 0.02)",
2026-04-21T10:47:36.083701+00:00,qwen3:8b,fin_sharpe,finance,1,True,False,6.284564708999824,0.085175375,0.04692375,51,128,1086.8696555582194,20.93918445857269,13.916458129882812,13.809463500976562,150,0,"('num', 0.533, 0.02)",
2026-04-21T10:47:41.728621+00:00,qwen3:8b,fin_sharpe,finance,2,True,False,5.27529691699965,0.085063334,0.039497292,51,128,1291.227763159054,25.040486191682707,13.9154052734375,13.755752563476562,150,0,"('num', 0.533, 0.02)",
2026-04-21T10:47:54.242736+00:00,qwen3:8b,reason_trains,reasoning,0,True,False,12.154649334002897,0.08731325,0.281571,71,256,252.15664965497155,21.85927375162506,13.850845336914062,13.746444702148438,202,0,"('substr', ['17:24', '5:24'])",
2026-04-21T10:48:06.338141+00:00,qwen3:8b,reason_trains,reasoning,1,True,False,11.724429415997292,0.094009208,0.045028834,71,256,1576.7674552709939,22.25388966948985,14.007949829101562,13.659164428710938,202,0,"('substr', ['17:24', '5:24'])",
2026-04-21T10:48:17.635638+00:00,qwen3:8b,reason_trains,reasoning,2,True,False,11.203249292000692,0.10347425,0.044754291,71,256,1586.440057781275,23.32273686891705,13.982025146484375,13.7001953125,202,0,"('substr', ['17:24', '5:24'])",
2026-04-21T10:48:20.868637+00:00,qwen3:8b,reason_ages,reasoning,0,True,False,3.024621874999866,0.068559792,0.205206792,44,64,214.41785416147434,23.444933171415883,13.810867309570312,13.727218627929688,120,0,"('num', 26, 0.001)",
2026-04-21T10:48:23.697992+00:00,qwen3:8b,reason_ages,reasoning,1,True,False,2.714742332998867,0.090514959,0.041824583,44,64,1052.0128796024098,24.984181567983054,13.778961181640625,13.726119995117188,120,0,"('num', 26, 0.001)",
2026-04-21T10:48:26.521736+00:00,qwen3:8b,reason_ages,reasoning,2,True,False,2.7042362920001324,0.070088375,0.042493333,44,64,1035.4565503252004,24.89928392355561,13.868484497070312,13.590927124023438,120,0,"('num', 26, 0.001)",
2026-04-21T10:48:32.590054+00:00,qwen3:8b,reason_prob,reasoning,0,True,False,6.012166042000899,0.079084458,0.207066292,48,128,231.80982059600507,22.513321557128414,13.933578491210938,13.6895751953125,150,0,"('num', 0.3, 0.05)",
2026-04-21T10:48:39.063495+00:00,qwen3:8b,reason_prob,reasoning,1,True,False,6.177004417000717,0.075634417,0.046132792,48,128,1040.4746367833102,21.287740467748673,13.819671630859375,13.699142456054688,150,0,"('num', 0.3, 0.05)",
2026-04-21T10:48:45.527990+00:00,qwen3:8b,reason_prob,reasoning,2,True,False,6.16796075000093,0.090815625,0.043521166,48,128,1102.9116269541123,21.356380441464,13.783920288085938,13.711151123046875,150,0,"('num', 0.3, 0.05)",
2026-04-21T10:48:49.157860+00:00,qwen3:8b,reason_discount,reasoning,0,True,False,3.2935639589995844,0.088979959,0.221502791,56,64,252.81848480184613,21.617952295567388,13.861053466796875,13.723159790039062,158,0,"('num', 54.0, 0.01)",
2026-04-21T10:48:52.396250+00:00,qwen3:8b,reason_discount,reasoning,1,True,False,3.1636407499972847,0.087498625,0.044894458,56,64,1247.3699983191689,21.26817263621775,13.835647583007812,13.748123168945312,158,0,"('num', 54.0, 0.01)",
2026-04-21T10:48:55.625675+00:00,qwen3:8b,reason_discount,reasoning,2,True,False,3.151895249997324,0.07469475,0.047137417,56,64,1188.015881311443,21.268177103028464,13.812728881835938,13.728164672851562,158,0,"('num', 54.0, 0.01)",
2026-04-21T10:48:57.644181+00:00,qwen3:8b,reason_syllogism,reasoning,0,True,False,1.8411660419988038,0.076050333,0.322273458,77,32,238.92752595219926,22.40598437403569,13.791839599609375,13.706375122070312,204,0,"('mcq', 'D')",
2026-04-21T10:48:59.264355+00:00,qwen3:8b,reason_syllogism,reasoning,1,True,False,1.5625521669971931,0.087180084,0.044092292,77,32,1746.3369788079967,22.61667909406065,13.747604370117188,13.706375122070312,204,0,"('mcq', 'D')",
2026-04-21T10:49:00.881336+00:00,qwen3:8b,reason_syllogism,reasoning,2,True,False,1.5291371660023287,0.066396042,0.044541584,77,32,1728.7216368416534,22.785261476654238,13.823715209960938,13.696136474609375,204,0,"('mcq', 'D')",
2026-04-21T10:49:25.893514+00:00,qwen3:8b,code_fizzbuzz,code,0,False,False,24.611467249997077,0.069824375,0.222449667,65,512,292.2009319078909,21.19358673965334,13.81463623046875,10.714920043945312,208,0,"('code', None, 0)",
2026-04-21T10:49:50.527734+00:00,qwen3:8b,code_fizzbuzz,code,1,False,False,24.4605981670029,0.113050208,0.045678667,65,512,1422.9837311145704,21.213225893872877,11.917007446289062,11.4722900390625,208,0,"('code', None, 0)",
2026-04-21T10:50:15.159438+00:00,qwen3:8b,code_fizzbuzz,code,2,False,False,24.26294691700241,0.097087333,0.06125775,65,512,1061.0902293995455,21.369762319968626,12.049835205078125,11.619918823242188,208,0,"('code', None, 0)",
2026-04-21T10:50:38.992781+00:00,qwen3:8b,code_reverse_words,code,0,False,False,23.462782541002525,0.089841292,0.204830792,54,512,263.63223748116934,22.235757740793513,12.029586791992188,11.455368041992188,193,0,"('code', None, 0)",
2026-04-21T10:51:05.692204+00:00,qwen3:8b,code_reverse_words,code,1,False,False,26.451677249999193,0.08804,0.049635667,54,512,1087.9273567533603,19.563168471611135,11.931716918945312,11.577316284179688,193,0,"('code', None, 0)",
2026-04-21T10:51:30.700068+00:00,qwen3:8b,code_reverse_words,code,2,False,False,24.963760167000146,0.088206625,0.046232708,54,512,1168.0042622638503,20.738549471399388,11.943939208984375,11.319900512695312,193,0,"('code', None, 0)",
2026-04-21T10:51:56.540252+00:00,qwen3:8b,code_dedup,code,0,False,False,25.682790875001956,0.064828042,0.111970792,38,512,339.3742182336265,20.188740813993693,12.040206909179688,11.612945556640625,146,0,"('code', None, 0)",
2026-04-21T10:52:27.612036+00:00,qwen3:8b,code_dedup,code,1,False,False,30.97886316700169,0.087434458,0.051215083,38,512,741.9689234907614,16.68457287995382,12.195053100585938,11.716598510742188,146,0,"('code', None, 0)",
2026-04-21T10:52:59.086031+00:00,qwen3:8b,code_dedup,code,2,False,False,31.074230082998838,0.073994083,0.06350225,38,512,598.4039935592833,16.637761223889573,12.199951171875,11.406112670898438,146,0,"('code', None, 0)",
2026-04-21T10:53:06.748963+00:00,granite3.2:8b,fin_pe,finance,0,True,False,0.7002263750000566,0.059239791,0.29626275,78,7,263.27980821078586,21.911567736079196,14.863006591796875,14.762435913085938,105,6,"('num', 15.0, 0.02)",
2026-04-21T10:53:07.559311+00:00,granite3.2:8b,fin_pe,finance,1,True,False,0.4558430420001969,0.060652875,0.053523083,78,7,1457.3151550332032,20.956235479817366,14.879226684570312,14.868667602539062,105,6,"('num', 15.0, 0.02)",
2026-04-21T10:53:08.366619+00:00,granite3.2:8b,fin_pe,finance,2,True,False,0.44435258299927227,0.047122625,0.056411125,78,7,1382.7059821976604,21.09676556837397,14.8758544921875,14.862945556640625,105,6,"('num', 15.0, 0.02)",
2026-04-21T10:53:16.049470+00:00,granite3.2:8b,fin_pv,finance,0,True,False,7.328471000000718,0.044524833,0.288602584,88,128,304.9175748197736,18.39200056396311,14.877914428710938,14.751022338867188,159,369,"('num', 68058, 0.01)",
2026-04-21T10:53:23.328255+00:00,granite3.2:8b,fin_pv,finance,1,True,False,7.204066291997151,0.063073958,0.06739725,88,128,1305.69125594887,18.205386697002645,14.902618408203125,14.801345825195312,159,369,"('num', 68058, 0.01)",
2026-04-21T10:53:30.587861+00:00,granite3.2:8b,fin_pv,finance,2,True,False,7.163711749999493,0.070680459,0.057435791,88,128,1532.1456964003507,18.285603474957227,14.910736083984375,14.828384399414062,159,369,"('num', 68058, 0.01)",
2026-04-21T10:53:38.252192+00:00,granite3.2:8b,fin_zerocoupon,finance,0,True,False,7.31311870799982,0.070804,0.303499458,89,128,293.24599321030746,18.535491853492186,14.892715454101562,14.801055908203125,159,320,"('num', 863.84, 0.01)",
2026-04-21T10:53:45.520763+00:00,granite3.2:8b,fin_zerocoupon,finance,1,True,False,7.0727706249999756,0.086927417,0.050638667,89,128,1757.5502135551872,18.571279895482345,14.90191650390625,14.791580200195312,159,320,"('num', 863.84, 0.01)",
2026-04-21T10:53:52.787946+00:00,granite3.2:8b,fin_zerocoupon,finance,2,True,False,7.222716208001657,0.05889325,0.056228291,89,128,1582.8330973103914,18.111022172990666,14.892486572265625,14.799331665039062,159,320,"('num', 863.84, 0.01)",
2026-04-21T10:53:53.593469+00:00,granite3.2:8b,fin_cagr,finance,0,True,False,0.6530037499978789,0.045569542,0.292167208,96,6,328.5789690676032,21.474508393116544,14.9090576171875,14.888595581054688,144,5,"('num', 13.95, 0.02)",
2026-04-21T10:53:54.000131+00:00,granite3.2:8b,fin_cagr,finance,1,True,False,0.3841297079998185,0.053061416,0.053106833,96,6,1807.6769895128184,22.35191515344139,14.901809692382812,14.901809692382812,144,5,"('num', 13.95, 0.02)",
2026-04-21T10:53:54.406606+00:00,granite3.2:8b,fin_cagr,finance,2,True,False,0.3555685829996946,0.02443125,0.056215,96,6,1707.7292537578937,22.3244427034025,14.908065795898438,14.908065795898438,144,5,"('num', 13.95, 0.02)",
2026-04-21T10:53:55.218311+00:00,granite3.2:8b,fin_sharpe,finance,0,True,False,0.6984520829973917,0.026949375,0.285203583,86,8,301.5389887300259,21.438065486424524,14.897109985351562,14.88836669921875,150,14,"('num', 0.533, 0.02)",
2026-04-21T10:53:56.026020+00:00,granite3.2:8b,fin_sharpe,finance,1,True,False,0.5000021250016289,0.0504265,0.055645834,86,8,1545.4885625400098,20.69365108075878,14.868759155273438,14.85601806640625,150,14,"('num', 0.533, 0.02)",
2026-04-21T10:53:56.834735+00:00,granite3.2:8b,fin_sharpe,finance,2,True,False,0.48971220900057233,0.044664416,0.057202916,86,8,1503.4198606238886,21.43024800106281,14.855117797851562,14.849868774414062,150,14,"('num', 0.533, 0.02)",
2026-04-21T10:54:11.353437+00:00,granite3.2:8b,reason_trains,reasoning,0,True,True,14.127381791997323,0.078102584,0.424098208,110,245,259.3738853996761,18.059435907513375,14.927688598632812,14.79248046875,202,742,"('substr', ['17:24', '5:24'])",
2026-04-21T10:54:25.451608+00:00,granite3.2:8b,reason_trains,reasoning,1,True,True,13.99133441700178,0.08816225,0.061868708,110,245,1777.9585764099033,17.784083042880006,14.90447998046875,14.791397094726562,202,742,"('substr', ['17:24', '5:24'])",
2026-04-21T10:54:39.588867+00:00,granite3.2:8b,reason_trains,reasoning,2,True,True,13.874920291000308,0.078289583,0.053470042,110,245,2057.2267364218637,17.914942160166902,14.876937866210938,14.763946533203125,202,742,"('substr', ['17:24', '5:24'])",
2026-04-21T10:54:40.396195+00:00,granite3.2:8b,reason_ages,reasoning,0,True,True,0.4646839999986696,0.058095666,0.283767333,79,3,278.39709090122784,27.73058648193807,14.843231201171875,14.786605834960938,120,2,"('num', 26, 0.001)",
2026-04-21T10:54:40.801371+00:00,granite3.2:8b,reason_ages,reasoning,1,True,True,0.22719399999914458,0.054329333,0.052678292,79,3,1499.6689718034138,26.836452192752386,14.84576416015625,14.84576416015625,120,2,"('num', 26, 0.001)",
2026-04-21T10:54:41.207614+00:00,granite3.2:8b,reason_ages,reasoning,2,True,True,0.21820591700088698,0.049484583,0.050535458,79,3,1563.2588112687135,27.118725699757363,14.848800659179688,14.848800659179688,120,2,"('num', 26, 0.001)",
2026-04-21T10:54:48.872427+00:00,granite3.2:8b,reason_prob,reasoning,0,True,False,7.376889249997475,0.046719333,0.292195541,83,128,284.0563538921355,18.265727105158103,14.856964111328125,14.754547119140625,150,394,"('num', 0.3, 0.05)",
2026-04-21T10:54:56.140200+00:00,granite3.2:8b,reason_prob,reasoning,1,True,False,7.13611170799777,0.059135792,0.054623625,83,128,1519.4890489234283,18.321160937218256,14.806488037109375,14.74456787109375,150,394,"('num', 0.3, 0.05)",
2026-04-21T10:55:03.814095+00:00,granite3.2:8b,reason_prob,reasoning,2,True,False,7.347787167000206,0.049394375,0.058409584,83,128,1420.9996770393022,17.759136542456712,14.888397216796875,14.764083862304688,150,394,"('num', 0.3, 0.05)",
2026-04-21T10:55:04.627783+00:00,granite3.2:8b,reason_discount,reasoning,0,True,False,0.599518041999545,0.098699125,0.296114458,91,4,307.3135996621955,22.282084776024046,14.879959106445312,14.879959106445312,158,3,"('num', 54.0, 0.01)",
2026-04-21T10:55:05.034437+00:00,granite3.2:8b,reason_discount,reasoning,1,True,False,0.3030395829991903,0.059711208,0.063626833,91,4,1430.2141990942723,24.327207065486977,14.89501953125,14.89501953125,158,3,"('num', 54.0, 0.01)",
2026-04-21T10:55:05.441426+00:00,granite3.2:8b,reason_discount,reasoning,2,True,False,0.2711336249994929,0.050890084,0.056192041,91,4,1619.446426585573,25.636958074683935,14.8875732421875,14.8875732421875,158,3,"('num', 54.0, 0.01)",
2026-04-21T10:55:06.251927+00:00,granite3.2:8b,reason_syllogism,reasoning,0,True,False,0.5445414170026197,0.044759791,0.436097667,111,2,254.53013946070936,35.587954196381204,14.8790283203125,14.873641967773438,204,1,"('mcq', 'D')",
2026-04-21T10:55:06.655580+00:00,granite3.2:8b,reason_syllogism,reasoning,1,True,False,0.18632679100119276,0.063098208,0.060058459,111,2,1848.1992686492338,39.10406104863444,14.876617431640625,14.876617431640625,204,1,"('mcq', 'D')",
2026-04-21T10:55:07.062053+00:00,granite3.2:8b,reason_syllogism,reasoning,2,True,False,0.16585779099841602,0.049101416,0.053946458,111,2,2057.595699795527,35.80809525067923,14.86932373046875,14.86932373046875,204,1,"('mcq', 'D')",
2026-04-21T10:55:11.921365+00:00,granite3.2:8b,code_fizzbuzz,code,0,False,False,4.450244457999361,0.043610208,0.418343666,106,72,253.38019579337913,18.154576945703848,14.899795532226562,14.77105712890625,208,156,"('code', None, 0)",
2026-04-21T10:55:16.364924+00:00,granite3.2:8b,code_fizzbuzz,code,1,False,False,4.157068500000605,0.086852667,0.054791,106,72,1934.62429961125,18.04037150556084,14.859710693359375,14.750350952148438,208,156,"('code', None, 0)",
2026-04-21T10:55:20.793971+00:00,granite3.2:8b,code_fizzbuzz,code,2,False,False,4.18054154100173,0.09759975,0.054553084,106,72,1943.0615508373457,18.03680182599812,14.864761352539062,14.79791259765625,208,156,"('code', None, 0)",
2026-04-21T10:55:23.224969+00:00,granite3.2:8b,code_reverse_words,code,0,False,False,2.1201202500014915,0.084835042,0.287551917,90,31,312.9869588036862,18.08926497215084,14.8736572265625,14.781829833984375,193,89,"('code', None, 0)",
2026-04-21T10:55:25.243904+00:00,granite3.2:8b,code_reverse_words,code,1,False,False,1.815752208000049,0.090498958,0.058901084,90,31,1527.9854611843816,18.959247855715642,14.840576171875,14.43316650390625,193,89,"('code', None, 0)",
2026-04-21T10:55:27.674199+00:00,granite3.2:8b,code_reverse_words,code,2,False,False,2.3940629169992462,0.068599875,0.070287584,90,31,1280.4537427264536,13.959927941283697,14.750274658203125,14.602691650390625,193,89,"('code', None, 0)",
2026-04-21T10:55:30.510803+00:00,granite3.2:8b,code_dedup,code,0,False,True,2.8166841249985737,0.074974334,0.188880208,73,38,386.48835033049096,15.231923845870677,14.817413330078125,14.6195068359375,146,108,"('code', None, 0)",
2026-04-21T10:55:33.748171+00:00,granite3.2:8b,code_dedup,code,1,False,True,2.849632458000997,0.131156833,0.060516375,73,38,1206.2850757336341,14.687698470666046,14.857742309570312,14.6883544921875,146,108,"('code', None, 0)",
2026-04-21T10:55:36.602253+00:00,granite3.2:8b,code_dedup,code,2,False,True,2.497385165999731,0.098794292,0.060537541,73,38,1205.8633171109477,16.596155461717352,14.874557495117188,14.736572265625,146,108,"('code', None, 0)",
